<?xml version="1.0" encoding="UTF-8"?>
<con:soapui-project id="fe0a9f6d-68c6-4481-9b8b-4a6d7a5cd5d0" created="3.8.1" activeEnvironment="Default environment" name="ReadyAPI_Assignment_Srivani" resourceRoot="" updated="3.8.1 2021-05-25T17:56:21Z" encryptionMode="Not encrypted" xmlns:con="http://eviware.com/soapui/config">
  <con:settings/>
  <con:interface xsi:type="con:RestService" id="8e103b49-2d4e-4ef0-b810-0e5277ff8da0" name="PetStore" type="rest_ex" wadlVersion="https://swagger.io/openapiv3/specification" xmlns:xsi="http://www.w3.org/2001/XMLSchema-instance">
    <con:settings/>
    <con:definitionCache type="TEXT" rootPart="https://petstore.swagger.io.json">
      <con:part>
        <con:url>https://petstore.swagger.io.json</con:url>
        <con:content>{"openapi":"3.0.1","info":{"title":"https://petstore.swagger.io","version":"1.0.0"},"servers":[{"url":"/"}],"paths":{"/v2/pet":{"description":"","put":{"description":"","parameters":[{"name":"content-type","in":"header","required":true,"schema":{"type":"string"}}],"requestBody":{"content":{"application/json":{"example":"{\n  \"id\": 0,\n  \"category\": {\n    \"id\": 0,\n    \"name\": \"string\"\n  },\n  \"name\": \"doggie\",\n  \"photoUrls\": [\n    \"string\"\n  ],\n  \"tags\": [\n    {\n      \"id\": 0,\n      \"name\": \"string\"\n    }\n  ],\n  \"status\": \"available\"\n}"}}},"responses":{"default":{"description":"Default response"}}},"post":{"description":"","requestBody":{"content":{"application/json":{"example":"{\n  \"id\": 0,\n  \"category\": {\n    \"id\": 0,\n    \"name\": \"string\"\n  },\n  \"name\": \"doggie\",\n  \"photoUrls\": [\n    \"string\"\n  ],\n  \"tags\": [\n    {\n      \"id\": 0,\n      \"name\": \"string\"\n    }\n  ],\n  \"status\": \"available\"\n}"}}},"responses":{"default":{"description":"Default response"}}}},"/v2/pet/{petId}":{"description":"","get":{"description":"","responses":{"default":{"description":"Default response"}}},"delete":{"description":"","parameters":[{"name":"content-type","in":"header","required":true,"schema":{"type":"string"}}],"requestBody":{"content":{"application/json":{}}},"responses":{"default":{"description":"Default response"}}},"parameters":[{"name":"petId","in":"path","required":true}]}}}</con:content>
        <con:type>https://swagger.io/openapiv3/specification</con:type>
      </con:part>
    </con:definitionCache>
    <con:endpoints/>
    <con:resource name="pet" path="/v2/pet" id="baab46a1-6f9b-4834-92dc-cd5af0766f53">
      <con:settings/>
      <con:parameters/>
      <con:resource name="{petId}" path="{petId}" id="8bd16bb2-02ee-4acb-98ad-07f04bd5f16d">
        <con:settings/>
        <con:parameters>
          <con:parameter required="true">
            <con:name>petId</con:name>
            <con:value>petId</con:value>
            <con:style>TEMPLATE</con:style>
            <con:default>petId</con:default>
          </con:parameter>
        </con:parameters>
        <con:method name="Method 1" id="85dc365e-c5b4-42c3-8489-d905681d0479" method="DELETE">
          <con:settings/>
          <con:parameters/>
          <con:request name="Request 1" id="4cbffe1e-d78b-4ab1-a2eb-b8c63c05b751" mediaType="application/json" postQueryString="false">
            <con:settings>
              <con:setting id="com.eviware.soapui.impl.wsdl.WsdlRequest@request-headers">&lt;xml-fragment/></con:setting>
            </con:settings>
            <con:endpoint>https://petstore.swagger.io</con:endpoint>
            <con:request/>
            <con:credentials>
              <con:selectedAuthProfile>No Authorization</con:selectedAuthProfile>
              <con:authType>No Authorization</con:authType>
            </con:credentials>
            <con:jmsConfig JMSDeliveryMode="PERSISTENT"/>
            <con:parameters/>
            <con:parameterOrder>
              <con:entry>petId</con:entry>
            </con:parameterOrder>
          </con:request>
        </con:method>
        <con:method name="Method 2" id="894c21be-b64d-42eb-8fec-d373859da975" method="GET">
          <con:settings/>
          <con:parameters/>
          <con:request name="Request 1" id="48b3a68a-2358-47e6-8d84-27cf118fa014" mediaType="application/json">
            <con:settings>
              <con:setting id="com.eviware.soapui.impl.wsdl.WsdlRequest@request-headers">&lt;xml-fragment/></con:setting>
            </con:settings>
            <con:endpoint>https://petstore.swagger.io</con:endpoint>
            <con:request/>
            <con:credentials>
              <con:selectedAuthProfile>No Authorization</con:selectedAuthProfile>
              <con:authType>No Authorization</con:authType>
            </con:credentials>
            <con:jmsConfig JMSDeliveryMode="PERSISTENT"/>
            <con:parameters/>
            <con:parameterOrder>
              <con:entry>petId</con:entry>
            </con:parameterOrder>
          </con:request>
        </con:method>
      </con:resource>
      <con:method name="Method 1" id="2be8af35-266f-499b-8557-f1f3446da1ff" method="POST">
        <con:settings/>
        <con:parameters/>
        <con:request name="Request 1" id="1f2e8c8a-8099-4db1-bde2-d8b9ed009ba9" mediaType="application/json" postQueryString="false">
          <con:settings>
            <con:setting id="com.eviware.soapui.impl.wsdl.WsdlRequest@request-headers">&lt;xml-fragment/></con:setting>
          </con:settings>
          <con:endpoint>https://petstore.swagger.io</con:endpoint>
          <con:request>{
  "id": 0,
  "category": {
    "id": 0,
    "name": "string"
  },
  "name": "doggie",
  "photoUrls": [
    "string"
  ],
  "tags": [
    {
      "id": 0,
      "name": "string"
    }
  ],
  "status": "available"
}</con:request>
          <con:credentials>
            <con:selectedAuthProfile>No Authorization</con:selectedAuthProfile>
            <con:authType>No Authorization</con:authType>
          </con:credentials>
          <con:jmsConfig JMSDeliveryMode="PERSISTENT"/>
          <con:parameters/>
          <con:parameterOrder/>
        </con:request>
      </con:method>
      <con:method name="Method 2" id="e931a61c-fee1-4718-90ab-4e0e48139cd9" method="PUT">
        <con:settings/>
        <con:parameters/>
        <con:request name="Request 1" id="45a2b596-76d3-4ac1-9b4c-d1fb63e1ffbf" mediaType="application/json" postQueryString="false">
          <con:settings>
            <con:setting id="com.eviware.soapui.impl.wsdl.WsdlRequest@request-headers">&lt;xml-fragment/></con:setting>
          </con:settings>
          <con:endpoint>https://petstore.swagger.io</con:endpoint>
          <con:request>{
  "id": 0,
  "category": {
    "id": 0,
    "name": "string"
  },
  "name": "doggie",
  "photoUrls": [
    "string"
  ],
  "tags": [
    {
      "id": 0,
      "name": "string"
    }
  ],
  "status": "available"
}</con:request>
          <con:credentials>
            <con:selectedAuthProfile>No Authorization</con:selectedAuthProfile>
            <con:authType>No Authorization</con:authType>
          </con:credentials>
          <con:jmsConfig JMSDeliveryMode="PERSISTENT"/>
          <con:parameters/>
          <con:parameterOrder/>
        </con:request>
      </con:method>
    </con:resource>
  </con:interface>
  <con:testSuite id="dad3da75-6a91-47d6-8fd1-95b0a82cdea0" name="SDET_Assignment">
    <con:settings/>
    <con:savedRecentRuns>1</con:savedRecentRuns>
    <con:runType>SEQUENTIAL</con:runType>
    <con:testCase id="44015ea1-60cd-4aa2-af5c-dbf5f15ecbbf" discardOkResults="false" failOnError="true" failTestCaseOnErrors="true" keepSession="false" name="PetStore" searchProperties="true" timeout="0">
      <con:settings/>
      <con:savedRecentRuns>1</con:savedRecentRuns>
      <con:testStep type="datasource" name="Data Source" id="82852257-1904-4d8e-9272-bcfa1d0fd2dc">
        <con:settings/>
        <con:config xsi:type="con:DataSourceStep" xmlns:xsi="http://www.w3.org/2001/XMLSchema-instance">
          <con:dataSource type="Excel">
            <con:configuration>
              <file>C:/ReadyAPI/PetStore_Details.xls</file>
              <worksheet>Sheet1</worksheet>
              <cell>A2</cell>
              <ignoreEmpty>false</ignoreEmpty>
              <evaluateFormulas>false</evaluateFormulas>
            </con:configuration>
          </con:dataSource>
          <con:shared>true</con:shared>
          <con:restartShared>true</con:restartShared>
          <con:property>CategoryID</con:property>
          <con:property>CategoryName</con:property>
          <con:property>PetName</con:property>
          <con:property>tagId</con:property>
          <con:property>tagName</con:property>
          <con:property>petStatus</con:property>
          <con:property>Updatedvalue</con:property>
          <con:completeLastOperation>true</con:completeLastOperation>
          <con:restartOnRun>true</con:restartOnRun>
        </con:config>
      </con:testStep>
      <con:testStep type="restrequest" name="REST Request" id="a114e2c0-64a9-4de6-b732-10de0bc1985b">
        <con:settings/>
        <con:config service="PetStore" resourcePath="/v2/pet" methodName="Method 1" xsi:type="con:RestRequestStep" xmlns:xsi="http://www.w3.org/2001/XMLSchema-instance">
          <con:restRequest name="REST Request" id="1f2e8c8a-8099-4db1-bde2-d8b9ed009ba9" mediaType="application/json" postQueryString="false">
            <con:settings>
              <con:setting id="com.eviware.soapui.impl.wsdl.WsdlRequest@request-headers">&lt;xml-fragment/></con:setting>
            </con:settings>
            <con:endpoint>https://petstore.swagger.io</con:endpoint>
            <con:request>{
  "id": 0,
  "category": {
    "id": ${Data Source#CategoryID},
    "name": "${Data Source#CategoryName}"
  },
  "name": "${Data Source#PetName}",
  "photoUrls": [
    "string"
  ],
  "tags": [
    {
      "id": ${Data Source#tagId},
      "name": "${Data Source#tagName}"
    }
  ],
  "status": "${Data Source#petStatus}"
}</con:request>
            <con:originalUri>https://petstore.swagger.io/v2/pet</con:originalUri>
            <con:assertion type="Valid HTTP Status Codes" id="37a3a89e-8108-49b8-b9bf-904900c413e8" name="Valid HTTP Status Codes">
              <con:settings/>
              <con:configuration>
                <codes>200</codes>
              </con:configuration>
            </con:assertion>
            <con:credentials>
              <con:selectedAuthProfile>No Authorization</con:selectedAuthProfile>
              <con:authType>No Authorization</con:authType>
            </con:credentials>
            <con:jmsConfig JMSDeliveryMode="PERSISTENT"/>
            <con:parameters/>
            <con:parameterOrder/>
          </con:restRequest>
        </con:config>
      </con:testStep>
      <con:testStep type="delay" name="Delay 2" id="171e6acf-c66f-4a79-bc4c-6a75a99eea63">
        <con:settings/>
        <con:config>
          <delay>10000</delay>
        </con:config>
      </con:testStep>
      <con:testStep type="restrequest" name="GetPET Details" id="b9469459-0d9b-4dbe-9453-6b7a8291d1f8">
        <con:settings/>
        <con:config service="PetStore" resourcePath="/v2/pet/{petId}" methodName="Method 2" xsi:type="con:RestRequestStep" xmlns:xsi="http://www.w3.org/2001/XMLSchema-instance">
          <con:restRequest name="GetPET Details" id="48b3a68a-2358-47e6-8d84-27cf118fa014" mediaType="application/json">
            <con:settings>
              <con:setting id="com.eviware.soapui.impl.wsdl.WsdlRequest@request-headers">&lt;entry key="content-type" value="application/json" xmlns="http://eviware.com/soapui/config"/></con:setting>
            </con:settings>
            <con:endpoint>https://petstore.swagger.io</con:endpoint>
            <con:request/>
            <con:originalUri>https://petstore.swagger.io/v2/pet/9223127596080648783</con:originalUri>
            <con:assertion type="MessageContentAssertion" id="7fb028ff-0de1-4d79-9645-3287026f46a0" name="Message Content Assertion">
              <con:configuration xsi:type="con:MessageContentAssertion">
                <con:elements>
                  <con:xpath>declare namespace ns1='https://petstore.swagger.io/v2/pet/9223127596080648783';
//ns1:Response[1]/ns1:id[1]</con:xpath>
                  <con:element>id</con:element>
                  <con:type xsi:nil="true"/>
                  <con:operator>exists</con:operator>
                  <con:enabled>false</con:enabled>
                  <con:expectedValue>9223127596080655363</con:expectedValue>
                  <con:numberType>false</con:numberType>
                </con:elements>
                <con:elements>
                  <con:xpath>declare namespace ns1='https://petstore.swagger.io/v2/pet/9223127596080648783';
//ns1:Response[1]/ns1:category[1]/ns1:id[1]</con:xpath>
                  <con:element>id</con:element>
                  <con:type xsi:nil="true"/>
                  <con:operator>=</con:operator>
                  <con:enabled>true</con:enabled>
                  <con:expectedValue>${Data Source#CategoryID}</con:expectedValue>
                  <con:numberType>false</con:numberType>
                </con:elements>
                <con:elements>
                  <con:xpath>declare namespace ns1='https://petstore.swagger.io/v2/pet/9223127596080648783';
//ns1:Response[1]/ns1:category[1]/ns1:name[1]</con:xpath>
                  <con:element>name</con:element>
                  <con:type xsi:nil="true"/>
                  <con:operator>=</con:operator>
                  <con:enabled>true</con:enabled>
                  <con:expectedValue>${Data Source#CategoryName}</con:expectedValue>
                  <con:numberType>false</con:numberType>
                </con:elements>
                <con:elements>
                  <con:xpath>declare namespace ns1='https://petstore.swagger.io/v2/pet/9223127596080648783';
//ns1:Response[1]/ns1:name[1]</con:xpath>
                  <con:element>name</con:element>
                  <con:type xsi:nil="true"/>
                  <con:operator>=</con:operator>
                  <con:enabled>true</con:enabled>
                  <con:expectedValue>${Data Source#PetName}</con:expectedValue>
                  <con:numberType>false</con:numberType>
                </con:elements>
                <con:elements>
                  <con:xpath>declare namespace ns1='https://petstore.swagger.io/v2/pet/9223127596080648783';
//ns1:Response[1]/ns1:photoUrls[1]/ns1:e[1]</con:xpath>
                  <con:element>e</con:element>
                  <con:type xsi:nil="true"/>
                  <con:operator>=</con:operator>
                  <con:enabled>true</con:enabled>
                  <con:expectedValue>string</con:expectedValue>
                  <con:numberType>false</con:numberType>
                </con:elements>
                <con:elements>
                  <con:xpath>declare namespace ns1='https://petstore.swagger.io/v2/pet/9223127596080648783';
//ns1:Response[1]/ns1:tags[1]/ns1:e[1]/ns1:id[1]</con:xpath>
                  <con:element>id</con:element>
                  <con:type xsi:nil="true"/>
                  <con:operator>=</con:operator>
                  <con:enabled>true</con:enabled>
                  <con:expectedValue>${Data Source#tagId}</con:expectedValue>
                  <con:numberType>false</con:numberType>
                </con:elements>
                <con:elements>
                  <con:xpath>declare namespace ns1='https://petstore.swagger.io/v2/pet/9223127596080648783';
//ns1:Response[1]/ns1:tags[1]/ns1:e[1]/ns1:name[1]</con:xpath>
                  <con:element>name</con:element>
                  <con:type xsi:nil="true"/>
                  <con:operator>=</con:operator>
                  <con:enabled>true</con:enabled>
                  <con:expectedValue>${Data Source#tagName}</con:expectedValue>
                  <con:numberType>false</con:numberType>
                </con:elements>
                <con:elements>
                  <con:xpath>declare namespace ns1='https://petstore.swagger.io/v2/pet/9223127596080648783';
//ns1:Response[1]/ns1:status[1]</con:xpath>
                  <con:element>status</con:element>
                  <con:type xsi:nil="true"/>
                  <con:operator>=</con:operator>
                  <con:enabled>true</con:enabled>
                  <con:expectedValue>${Data Source#petStatus}</con:expectedValue>
                  <con:numberType>false</con:numberType>
                </con:elements>
                <con:originalMessage><![CDATA[<Response xmlns="https://petstore.swagger.io/v2/pet/9223127596080648783">
   <id>9223127596080655363</id>
   <category>
      <id>1</id>
      <name>Dog</name>
   </category>
   <name>jimmy</name>
   <photoUrls>
      <e>string</e>
   </photoUrls>
   <tags>
      <e>
         <id>1</id>
         <name>red</name>
      </e>
   </tags>
   <status>available</status>
</Response>]]></con:originalMessage>
              </con:configuration>
            </con:assertion>
            <con:credentials>
              <con:selectedAuthProfile>No Authorization</con:selectedAuthProfile>
              <con:authType>No Authorization</con:authType>
            </con:credentials>
            <con:jmsConfig JMSDeliveryMode="PERSISTENT"/>
            <con:parameters>
              <con:entry key="petId" value="${REST Request#Response#$['id']}"/>
            </con:parameters>
            <con:parameterOrder>
              <con:entry>petId</con:entry>
            </con:parameterOrder>
          </con:restRequest>
        </con:config>
      </con:testStep>
      <con:testStep type="restrequest" name="UpdatePET Details" id="2bd21ce4-5706-4843-944d-c82a9701815f">
        <con:settings/>
        <con:config service="PetStore" resourcePath="/v2/pet" methodName="Method 2" xsi:type="con:RestRequestStep" xmlns:xsi="http://www.w3.org/2001/XMLSchema-instance">
          <con:restRequest name="UpdatePET Details" id="45a2b596-76d3-4ac1-9b4c-d1fb63e1ffbf" mediaType="application/json" postQueryString="false">
            <con:settings>
              <con:setting id="com.eviware.soapui.impl.wsdl.WsdlRequest@request-headers">&lt;entry key="content-type" value="application/json" xmlns="http://eviware.com/soapui/config"/></con:setting>
            </con:settings>
            <con:endpoint>https://petstore.swagger.io</con:endpoint>
            <con:request>{
  "id": ${Data Sink#Id},
  "category": {
    "id": ${Data Source#CategoryID},
    "name": "${Data Source#CategoryName}"
  },
  "name": "${Data Source#Updatedvalue}",
  "photoUrls": [
    "string"
  ],
  "tags": [
    {
      "id": ${Data Source#tagId},
      "name": "${Data Source#tagName}"
    }
  ],
  "status": "${Data Source#petStatus}"
}</con:request>
            <con:originalUri>https://petstore.swagger.io/v2/pet</con:originalUri>
            <con:assertion type="Valid HTTP Status Codes" id="17fd2fcc-5114-44bf-99ba-2f9d164953b6" name="Valid HTTP Status Codes">
              <con:settings/>
              <con:configuration>
                <codes>200</codes>
              </con:configuration>
            </con:assertion>
            <con:credentials>
              <con:selectedAuthProfile>No Authorization</con:selectedAuthProfile>
              <con:authType>No Authorization</con:authType>
            </con:credentials>
            <con:jmsConfig JMSDeliveryMode="PERSISTENT"/>
            <con:parameters/>
            <con:parameterOrder/>
          </con:restRequest>
        </con:config>
      </con:testStep>
      <con:testStep type="datasink" name="GetDataSink" id="f85ca80d-9df6-4016-abf1-c113815b3c5b" disabled="true">
        <con:settings/>
        <con:config xsi:type="con:DataSinkStep" xmlns:xsi="http://www.w3.org/2001/XMLSchema-instance">
          <con:dataSink type="Excel">
            <con:configuration>
              <file/>
              <outfile>C:/ReadyAPI/PetStore_Details.xls</outfile>
              <worksheet>Sheet1</worksheet>
              <cell>I2</cell>
              <evaluateFormulas>false</evaluateFormulas>
              <append>false</append>
            </con:configuration>
          </con:dataSink>
          <con:properties>
            <con:property>
              <con:name>GetReponse</con:name>
              <con:value>${GetPET Details#Response}</con:value>
            </con:property>
          </con:properties>
        </con:config>
      </con:testStep>
      <con:testStep type="datasource" name="UpdateDetails" id="55bc4e9c-54df-4899-ba03-2e61cb598ce5" disabled="true">
        <con:settings/>
        <con:config xsi:type="con:DataSourceStep" xmlns:xsi="http://www.w3.org/2001/XMLSchema-instance">
          <con:dataSource type="Excel">
            <con:configuration>
              <file>C:/ReadyAPI/PetStore_Details.xls</file>
              <worksheet/>
              <cell>J2</cell>
              <ignoreEmpty>false</ignoreEmpty>
              <evaluateFormulas>false</evaluateFormulas>
            </con:configuration>
          </con:dataSource>
          <con:shared>true</con:shared>
          <con:restartShared>true</con:restartShared>
          <con:property>UpdatePetName</con:property>
          <con:restartOnRun>true</con:restartOnRun>
        </con:config>
      </con:testStep>
      <con:testStep type="restrequest" name="DeleteAPet" id="8bf800fb-019e-44f3-89b4-d00bbe0d236c">
        <con:settings/>
        <con:config service="PetStore" resourcePath="/v2/pet/{petId}" methodName="Method 1" xsi:type="con:RestRequestStep" xmlns:xsi="http://www.w3.org/2001/XMLSchema-instance">
          <con:restRequest name="DeleteAPet" id="4cbffe1e-d78b-4ab1-a2eb-b8c63c05b751" mediaType="application/json" postQueryString="false">
            <con:settings>
              <con:setting id="com.eviware.soapui.impl.wsdl.WsdlRequest@request-headers">&lt;entry key="content-type" value="application/json" xmlns="http://eviware.com/soapui/config"/></con:setting>
            </con:settings>
            <con:endpoint>https://petstore.swagger.io</con:endpoint>
            <con:request/>
            <con:originalUri>https://petstore.swagger.io/v2/pet/9223127596080650519</con:originalUri>
            <con:assertion type="Valid HTTP Status Codes" id="82f47833-48e0-4e0d-8c68-c7c1dc44c54f" name="Valid HTTP Status Codes">
              <con:settings/>
              <con:configuration>
                <codes>200</codes>
              </con:configuration>
            </con:assertion>
            <con:credentials>
              <con:selectedAuthProfile>No Authorization</con:selectedAuthProfile>
              <con:authType>No Authorization</con:authType>
            </con:credentials>
            <con:jmsConfig JMSDeliveryMode="PERSISTENT"/>
            <con:parameters>
              <con:entry key="petId" value="${REST Request#Response#$['id']}"/>
            </con:parameters>
            <con:parameterOrder>
              <con:entry>petId</con:entry>
            </con:parameterOrder>
          </con:restRequest>
        </con:config>
      </con:testStep>
      <con:testStep type="delay" name="Delay" id="7e159b00-b452-4469-b2a7-1da4089472ad">
        <con:settings/>
        <con:config>
          <delay>10000</delay>
        </con:config>
      </con:testStep>
      <con:testStep type="restrequest" name="REST Request 2" id="ca91b63d-44b1-419f-b892-734ffe6f7165">
        <con:settings/>
        <con:config service="PetStore" resourcePath="/v2/pet/{petId}" methodName="Method 2" xsi:type="con:RestRequestStep" xmlns:xsi="http://www.w3.org/2001/XMLSchema-instance">
          <con:restRequest name="REST Request 2" id="48b3a68a-2358-47e6-8d84-27cf118fa014" mediaType="application/json">
            <con:settings>
              <con:setting id="com.eviware.soapui.impl.wsdl.WsdlRequest@request-headers">&lt;entry key="content-type" value="application/json" xmlns="http://eviware.com/soapui/config"/></con:setting>
            </con:settings>
            <con:endpoint>https://petstore.swagger.io</con:endpoint>
            <con:request/>
            <con:originalUri>https://petstore.swagger.io/v2/pet/9223127596080650521</con:originalUri>
            <con:assertion type="MessageContentAssertion" id="f561e746-0230-49f3-9d94-93832306735f" name="Message Content Assertion">
              <con:configuration xsi:type="con:MessageContentAssertion">
                <con:elements>
                  <con:xpath>declare namespace ns1='https://petstore.swagger.io/v2/pet/9223127596080650521';
//ns1:Fault[1]/ns1:message[1]</con:xpath>
                  <con:element>message</con:element>
                  <con:type xsi:nil="true"/>
                  <con:operator>=</con:operator>
                  <con:enabled>true</con:enabled>
                  <con:expectedValue>Pet not found</con:expectedValue>
                  <con:hasValue>false</con:hasValue>
                  <con:numberType>false</con:numberType>
                </con:elements>
                <con:elements>
                  <con:xpath>declare namespace ns1='https://petstore.swagger.io/v2/pet/9223127596080650521';
//ns1:Fault[1]/ns1:type[1]</con:xpath>
                  <con:element>type</con:element>
                  <con:type xsi:nil="true"/>
                  <con:operator>=</con:operator>
                  <con:enabled>true</con:enabled>
                  <con:expectedValue>error</con:expectedValue>
                  <con:hasValue>false</con:hasValue>
                  <con:numberType>false</con:numberType>
                </con:elements>
                <con:elements>
                  <con:xpath>declare namespace ns1='https://petstore.swagger.io/v2/pet/9223127596080650521';
//ns1:Fault[1]/ns1:code[1]</con:xpath>
                  <con:element>code</con:element>
                  <con:type xsi:nil="true"/>
                  <con:operator>=</con:operator>
                  <con:enabled>true</con:enabled>
                  <con:expectedValue>1</con:expectedValue>
                  <con:hasValue>false</con:hasValue>
                  <con:numberType>false</con:numberType>
                </con:elements>
                <con:originalMessage><![CDATA[<Fault xmlns="https://petstore.swagger.io/v2/pet/9223127596080650521">
   <code>1</code>
   <type>error</type>
   <message>Pet not found</message>
</Fault>]]></con:originalMessage>
              </con:configuration>
            </con:assertion>
            <con:assertion type="Valid HTTP Status Codes" id="b293c095-34f6-4b35-8c33-585007934266" name="Valid HTTP Status Codes">
              <con:settings/>
              <con:configuration>
                <codes>404</codes>
              </con:configuration>
            </con:assertion>
            <con:credentials>
              <con:selectedAuthProfile>No Authorization</con:selectedAuthProfile>
              <con:authType>No Authorization</con:authType>
            </con:credentials>
            <con:jmsConfig JMSDeliveryMode="PERSISTENT"/>
            <con:parameters>
              <con:entry key="petId" value="${REST Request#Response#$['id']}"/>
            </con:parameters>
            <con:parameterOrder>
              <con:entry>petId</con:entry>
            </con:parameterOrder>
          </con:restRequest>
        </con:config>
      </con:testStep>
      <con:testStep type="datasink" name="Data Sink" id="9cb9c685-780d-46f8-ba5f-e26c44a94e2d">
        <con:settings/>
        <con:config xsi:type="con:DataSinkStep" xmlns:xsi="http://www.w3.org/2001/XMLSchema-instance">
          <con:dataSink type="Excel">
            <con:configuration>
              <file/>
              <outfile>C:/ReadyAPI/PetStore_Details.xls</outfile>
              <worksheet>Sheet1</worksheet>
              <cell>H2</cell>
              <evaluateFormulas>false</evaluateFormulas>
              <append>false</append>
            </con:configuration>
          </con:dataSink>
          <con:properties>
            <con:property>
              <con:name>Id</con:name>
              <con:value>${REST Request#Response#$['id']}</con:value>
            </con:property>
            <con:property>
              <con:name>PostResponse</con:name>
              <con:value>${REST Request#Response}</con:value>
            </con:property>
            <con:property>
              <con:name>GetResponse</con:name>
              <con:value>${GetPET Details#Response}</con:value>
            </con:property>
            <con:property>
              <con:name>UpdateResponse</con:name>
              <con:value>${UpdatePET Details#Response}</con:value>
            </con:property>
          </con:properties>
        </con:config>
      </con:testStep>
      <con:testStep type="datasourceloop" name="Data Source Loop" id="dd502817-8190-44aa-aef7-22263b3262ac">
        <con:settings/>
        <con:config>
          <dataSourceStep>Data Source</dataSourceStep>
          <targetStep>REST Request</targetStep>
          <discardResults>true</discardResults>
        </con:config>
      </con:testStep>
      <con:properties/>
      <con:reportParameters/>
      <con:breakPoints>
        <con:testStepId>82852257-1904-4d8e-9272-bcfa1d0fd2dc</con:testStepId>
        <con:status>NONE</con:status>
        <con:properties/>
      </con:breakPoints>
      <con:breakPoints>
        <con:testStepId>9cb9c685-780d-46f8-ba5f-e26c44a94e2d</con:testStepId>
        <con:status>NONE</con:status>
        <con:properties/>
      </con:breakPoints>
      <con:breakPoints>
        <con:testStepId>b9469459-0d9b-4dbe-9453-6b7a8291d1f8</con:testStepId>
        <con:status>NONE</con:status>
        <con:properties/>
      </con:breakPoints>
      <con:breakPoints>
        <con:testStepId>2bd21ce4-5706-4843-944d-c82a9701815f</con:testStepId>
        <con:status>NONE</con:status>
        <con:properties/>
      </con:breakPoints>
      <con:breakPoints>
        <con:testStepId>8bf800fb-019e-44f3-89b4-d00bbe0d236c</con:testStepId>
        <con:status>NONE</con:status>
        <con:properties/>
      </con:breakPoints>
      <con:breakPoints>
        <con:testStepId>ca91b63d-44b1-419f-b892-734ffe6f7165</con:testStepId>
        <con:status>NONE</con:status>
        <con:properties/>
      </con:breakPoints>
      <con:breakPoints>
        <con:testStepId>7e159b00-b452-4469-b2a7-1da4089472ad</con:testStepId>
        <con:status>NONE</con:status>
        <con:properties/>
      </con:breakPoints>
    </con:testCase>
    <con:properties/>
    <con:reportParameters/>
  </con:testSuite>
  <con:savedRecentRuns>1</con:savedRecentRuns>
  <con:requirements/>
  <con:properties/>
  <con:wssContainer/>
  <con:databaseConnectionContainer/>
  <con:jmsConnectionContainer/>
  <con:oAuth2ProfileContainer/>
  <con:oAuth1ProfileContainer/>
  <con:reporting>
    <con:reportTemplates/>
    <con:xmlTemplates/>
    <con:xmlTemplates/>
    <con:parameters/>
    <con:parameters/>
  </con:reporting>
  <con:reporting/>
  <con:eventHandlers type="RequestFilter.filterRequest" name="RequestFilter.filterRequest">
    <con:script>// Sample event script to add custom HTTP header to all outgoing REST, SOAP and HTTP(S) calls
// This code is often used for adding custom authentication to ReadyAPI functional tests

// If hardcoding the token, uncomment and change line 5
// token = '4567'

// If your token is parameterized in Project level custom property, uncomment line 8
// token = request.parent.testCase.testSuite.project.getProperty('auth_token').getValue()

// To modify all outgoing calls, remove comments from lines 11 to 16
// headers = request.requestHeaders
// if (headers.containsKey('auth_token2') == false) {
//   headers.put('auth_token2', token)
//   request.requestHeaders = headers
// }</con:script>
  </con:eventHandlers>
  <con:eventHandlers type="TestRunListener.afterStep" name="TestRunListener.afterStep">
    <con:script>// Save all test step results into files
// Change the directory path in line 5 to a location where you want to store details
// then uncomment lines 5 to 10

// filePath = 'C:\\tempOutputDirectory\\'
// fos = new java.io.FileOutputStream(filePath + testStepResult.testStep.label + '.txt', true)
// pw = new java.io.PrintWriter(fos)
// testStepResult.writeTo(pw)
// pw.close()
// fos.close()</con:script>
  </con:eventHandlers>
  <con:authRepository/>
  <con:tags/>
</con:soapui-project>
